{
    "50ebace8-1f5d-429b-9bbe-2bc74c07b564": 1661987446.3224192,
    "8e3328dc-0b92-4d1d-b026-6665129a3a4f": 1661548007.4208484,
    "c8117bc0-2bd2-4d75-8781-35889db4b32d": 1661548352.254117,
    "17d7449d-a9e1-46f0-96e9-e2713119a85c": 1661548403.4105816
}